[
  {
    "value": null,
    "id": "",
    "name": "",
    "fieldType": "RICH_TEXT",
    "localized": false,
    "required": false,
    "disabled": false,
    "omitted": false,
    "contentTypeDetail": {
      "title": "Rich Text",
      "subTitle": "Text formatting with references and media"
    }
  },
  {
    "type": "NONE",
    "value": null,
    "id": "",
    "name": "",
    "fieldType": "TEXT",
    "localized": false,
    "required": false,
    "disabled": false,
    "omitted": false,
    "contentTypeDetail": {
      "title": "Text",
      "subTitle": "Titles, names, paragraphs, list of names"
    },
    "canArray": true
  },
  {
    "decimalNumber": {
      "unique": false,
      "isSpecifiedValues": false,
      "specifiedValues": {
        "values": [],
        "customErrorMessage": ""
      }
    },
    "integerNumber": {
      "unique": false,
      "isSpecifiedValues": false,
      "specifiedValues": {
        "values": [],
        "customErrorMessage": ""
      }
    },
    "type": "NONE",
    "value": null,
    "id": "",
    "name": "",
    "fieldType": "NUMBER",
    "localized": false,
    "required": false,
    "disabled": false,
    "omitted": false,
    "contentTypeDetail": {
      "title": "Number",
      "subTitle": "ID, order number, rating, quantity"
    }
  },
  {
    "value": null,
    "id": "",
    "name": "",
    "fieldType": "DATETIME",
    "localized": false,
    "required": false,
    "disabled": false,
    "omitted": false,
    "contentTypeDetail": {
      "title": "Date and time",
      "subTitle": "Event dates"
    }
  },
  {
    "value": null,
    "id": "",
    "name": "",
    "fieldType": "LOCATION",
    "localized": false,
    "required": false,
    "disabled": false,
    "omitted": false,
    "contentTypeDetail": {
      "title": "Location",
      "subTitle": "Coordinates: latitude and longitude"
    }
  },
  {
    "type": "NONE",
    "value": null,
    "id": "",
    "name": "",
    "fieldType": "MEDIA",
    "localized": false,
    "required": false,
    "disabled": false,
    "omitted": false,
    "contentTypeDetail": {
      "title": "Media",
      "subTitle": "Images, videos, PDFs and other files"
    }
  },
  {
    "value": null,
    "id": "",
    "name": "",
    "fieldType": "BOOLEAN",
    "localized": false,
    "required": false,
    "disabled": false,
    "omitted": false,
    "contentTypeDetail": {
      "title": "Boolean",
      "subTitle": "Yes or no, 1 or 0, true or false"
    }
  },

  {
    "value": null,
    "id": "",
    "name": "",
    "fieldType": "JSON",
    "localized": false,
    "required": false,
    "disabled": false,
    "omitted": false,
    "contentTypeDetail": {
      "title": "JSON object",
      "subTitle": "Data in JSON format"
    }
  },

  {
    "type": "NONE",
    "value": null,
    "id": "",
    "name": "",
    "fieldType": "REFERENCE",
    "localized": false,
    "required": false,
    "disabled": false,
    "omitted": false,
    "contentTypeDetail": {
      "title": "Reference",
      "subTitle": "For example, a blog post can reference its author(s)"
    }
  }
]
